site,run,pages,failed,runTimeSecs,memoryMb,costPer1000Usd,platformUsageUsd,headingRecall,paragraphRecall,codeRecall,codeFencedRecall,tableRecall,paragraphsFound,paragraphsInReference,templateLinesPerPage,boilerplateLinesPerPage,avgChars,truncatedPages
python-sphinx,ours-default-python-sphinx-after,17,0,3.323,256,1.0,0.00024983269567953217,1.0,0.988,1.0,1.0,,239,242,0.0,0.0,17637,1
python-sphinx,ours-default-python-sphinx-q2after,15,0,2.838,256,1.0,0.0002429510018626849,1.0,0.992,1.0,1.0,,239,241,0.0,0.0,18617,1
python-sphinx,ours-default-python-sphinx-q2before,15,0,4.064,256,1.0,0.0002621757695939806,1.0,0.992,1.0,1.0,,239,241,0.0,0.0,18619,1
python-sphinx,ours-default-python-sphinx,17,0,4.155,256,1.0,0.000267233138581117,1.0,0.988,1.0,0.0,,239,242,6.6,1.94,17430,1
python-sphinx,wcc-default-python-sphinx,17,0,56.028,8192,1.545,0.02626472946347793,1.0,0.979,1.0,0.0,,237,242,0.0,0.06,17837,1
docusaurus,ours-default-docusaurus-after,25,0,14.047,256,1.0,0.0004481850348098411,0.976,0.973,1.0,1.0,1.0,144,148,0.9,0.52,8970,1
docusaurus,ours-default-docusaurus-q2after,15,0,3.306,256,1.0,0.0002278075308899085,0.914,1.0,1.0,1.0,1.0,62,62,0.0,0.13,6445,0
docusaurus,ours-default-docusaurus-q2before,15,0,3.307,256,1.0,0.00023633775936398243,0.96,0.98,1.0,1.0,1.0,98,100,2.1,0.13,4761,0
docusaurus,ours-default-docusaurus,25,0,3.557,256,1.0,0.00029884222731159794,0.925,1.0,1.0,1.0,0.0,76,76,2.9,0.4,7256,0
docusaurus,wcc-default-docusaurus,27,0,83.754,8192,1.569,0.04235384503258765,0.783,0.945,0.968,0.177,1.0,258,273,0.0,0.56,10853,0
nextjs,ours-cheap-nextjs-after,25,0,7.416,256,1.0,0.0003573819318711758,0.754,1.0,1.0,1.0,1.0,82,82,3.4,1.8,12489,0
nextjs,ours-cheap-nextjs,25,0,3.527,256,1.0,0.0003000878317422337,0.971,1.0,1.0,1.0,1.0,82,82,13.9,2.96,6809,0
nextjs,ours-default-nextjs-after,25,0,5.987,256,1.0,0.00032872211635278335,0.754,1.0,1.0,1.0,1.0,82,82,3.4,1.8,12489,0
nextjs,ours-default-nextjs-q2after,15,0,9.524,256,1.0,0.00028247312678562274,0.815,0.989,1.0,1.0,1.0,88,89,0.5,1.33,12390,0
nextjs,ours-default-nextjs-q2before,15,0,4.114,256,1.0,0.0002579871966474586,0.815,0.989,1.0,1.0,1.0,88,89,4.1,1.33,12766,0
nextjs,ours-default-nextjs,25,0,3.754,256,1.0,0.0002894172213756376,0.971,1.0,1.0,1.0,1.0,82,82,13.9,2.96,6809,0
nextjs,wcc-cheap-nextjs,36,0,169.257,8192,2.216,0.07977392817284665,0.613,1.0,0.174,0.174,1.0,56,56,2.0,1.19,9089,0
nextjs,wcc-default-nextjs,26,0,200.444,8192,3.635,0.0945170950658901,0.103,0.0,0.0,0.0,0.0,0,82,6.8,0.15,2125,0
intercom-help,ours-default-intercom-help-after,25,0,33.862,256,1.0,0.0007319530607942079,0.967,0.979,,,1.0,143,146,0.6,0.2,4410,0
intercom-help,ours-default-intercom-help-q2after,15,0,7.936,256,1.0,0.00018906194658411876,0.923,0.75,,,,3,4,1.6,0.07,1497,0
intercom-help,ours-default-intercom-help-q2before,15,0,104.725,256,1.0,0.001658615213268333,0.923,0.75,,,,3,4,1.6,0.07,1497,0
intercom-help,ours-default-intercom-help,25,0,90.849,256,1.0,0.001681453227246801,0.944,0.972,1.0,0.0,1.0,176,181,5.8,0.96,12631,0
intercom-help,wcc-default-intercom-help,26,0,183.004,8192,3.649,0.09486134975809522,0.796,0.343,,,0.667,106,309,3.3,0.04,6593,0
cloudflare-blog,ours-default-cloudflare-blog-after,24,0,9.347,256,1.0,0.0003890567249324587,1.0,1.0,1.0,1.0,1.0,179,179,8.6,2.04,17469,0
cloudflare-blog,ours-default-cloudflare-blog-q2after,15,0,19.423,256,1.0,0.00041809975924425656,0.808,0.984,1.0,1.0,1.0,185,188,0.6,0.13,14664,0
cloudflare-blog,ours-default-cloudflare-blog-q2before,15,0,17.824,256,1.0,0.0003981123974207375,1.0,1.0,1.0,1.0,1.0,188,188,9.0,2.0,17172,0
cloudflare-blog,ours-default-cloudflare-blog,25,0,4.237,256,1.0,0.00029999748174680606,0.904,0.983,1.0,1.0,1.0,176,179,35.3,2.04,13874,0
cloudflare-blog,wcc-default-cloudflare-blog,30,0,159.168,8192,2.766,0.08297547151814898,0.821,0.985,1.0,1.0,1.0,196,199,0.0,0.13,5328,0
